{"content":[{"id":"229929b9","settings":{"padding":{"unit":"px","top":"100","right":"0","bottom":"120","left":"0","isLinked":false},"background_background":"gradient","background_color":"#007bff","background_color_b":"#6610f2","background_gradient_angle":{"unit":"deg","size":135},"shape_divider_bottom":"tilt","shape_divider_bottom_color":"#ffffff","shape_divider_bottom_height":{"unit":"px","size":80}},"elements":[{"id":"403000a1","settings":{"_column_size":100,"_padding":{"unit":"px","top":"0","right":"20","bottom":"0","left":"20","isLinked":true}},"elements":[{"id":"2e8d0513","settings":{"title":"Member Dashboard","align":"center","title_color":"#ffffff","typography_typography":"custom","typography_font_size":{"unit":"px","size":40},"typography_font_weight":"700","_margin":{"unit":"px","top":"0","right":"0","bottom":"10","left":"0","isLinked":false}},"elements":[],"isInner":false,"widgetType":"heading","elType":"widget"},{"id":"131bb7c7","settings":{"editor":"<p style=\"text-align: center; color: #f8f9fa;\">Compare tools, check leaderboards, and manage your account\u2014all in one beautiful hub.<\/p>","text_color":"#f8f9fa","typography_typography":"custom","typography_font_size":{"unit":"px","size":18},"_margin":{"unit":"px","top":"0","right":"0","bottom":"0","left":"0","isLinked":false}},"elements":[],"isInner":false,"widgetType":"text-editor","elType":"widget"}],"isInner":false,"elType":"column"}],"isInner":false,"elType":"section"},{"id":"7d0e1ed7","settings":{"padding":{"unit":"px","top":"30","right":"0","bottom":"60","left":"0","isLinked":false},"background_color":"#f7f9fc","_margin":{"unit":"px","top":"0","right":"0","bottom":"0","left":"0","isLinked":false},"z_index":1,"structure":"20"},"elements":[{"id":"4af9a62b","settings":{"_column_size":50,"_padding":{"unit":"px","top":"10","right":"10","bottom":"10","left":"10","isLinked":true},"_inline_size":null},"elements":[{"id":"5e77bd10","settings":{"view":"stacked","icon_color":"#ffffff","icon_background_color":"#0d6efd","title_text":"Download Chrome Extension","description_text":"Start saving & storing prompts everywhere. Apply in one click saved prompts into ChatGPT & more.","align":"center","title_color":"#212529","title_typography_typography":"custom","title_typography_font_size":{"unit":"px","size":18},"title_typography_font_weight":"600","link":{"url":"https:\/\/chromewebstore.google.com\/detail\/intellectual-lead-prompt\/bgekpaljghcjeileddblpbacglknplbe","is_external":true,"custom_attributes":"onclick|showGoogleConnectWarning(event)"},"hover_animation":"grow","background_color":"#ffffff","border_radius":{"unit":"px","top":"16","right":"16","bottom":"16","left":"16","isLinked":true},"box_shadow_box_shadow":{"horizontal":0,"vertical":6,"blur":16,"spread":0,"color":"rgba(0,0,0,0.08)"},"_padding":{"unit":"px","top":"40","right":"20","bottom":"40","left":"20","isLinked":true},"selected_icon":{"value":"fas fa-puzzle-piece","library":"fa-solid"}},"elements":[],"isInner":false,"widgetType":"icon-box","elType":"widget"}],"isInner":false,"elType":"column"},{"id":"578e93d5","settings":{"_column_size":50,"_padding":{"unit":"px","top":"10","right":"10","bottom":"10","left":"10","isLinked":true},"_inline_size":null},"elements":[{"id":"a1b77c8","settings":{"view":"stacked","icon_color":"#ffffff","icon_background_color":"#198754","title_text":"Download Free Ebook","description_text":"Learn the secrets to creating high-quality AI content. Download our free guide and start writing smarter.","align":"center","title_color":"#212529","title_typography_typography":"custom","title_typography_font_size":{"unit":"px","size":18},"title_typography_font_weight":"600","link":{"url":"http:\/\/intellectualead.com\/wp-content\/uploads\/2024\/07\/5-Steps-to-Quality-AI-Content.pdf","is_external":true},"hover_animation":"grow","background_color":"#ffffff","border_radius":{"unit":"px","top":"16","right":"16","bottom":"16","left":"16","isLinked":true},"box_shadow_box_shadow":{"horizontal":0,"vertical":6,"blur":16,"spread":0,"color":"rgba(0,0,0,0.08)"},"_padding":{"unit":"px","top":"40","right":"20","bottom":"40","left":"20","isLinked":true},"selected_icon":{"value":"fas fa-book-open","library":"fa-solid"}},"elements":[],"isInner":false,"widgetType":"icon-box","elType":"widget"}],"isInner":false,"elType":"column"}],"isInner":false,"elType":"section"},{"id":"28093b1a","settings":{"flex_direction":"column"},"elements":[{"id":"65961796","settings":{"shortcode":"[il_saved_prompts_js]\n[il_user_dashboard]"},"elements":[],"isInner":false,"widgetType":"shortcode","elType":"widget"}],"isInner":false,"elType":"container"},{"id":"5925b162","settings":[],"elements":[{"id":"60e40c82","settings":{"html":"<!-- \r\n  Floating Video Lightbox Button\r\n  - Instructions: Copy and paste this entire code block into an Elementor HTML widget.\r\n  - The button will appear in the bottom-right corner of the page.\r\n  - Clicking the button opens the YouTube video in a lightbox.\r\n-->\r\n\r\n<style>\r\n  \/* Keyframes for the pulsing animation *\/\r\n  @keyframes pulse {\r\n    0% {\r\n      box-shadow: 0 0 0 0 rgba(0, 123, 255, 0.7);\r\n    }\r\n    70% {\r\n      box-shadow: 0 0 0 10px rgba(0, 123, 255, 0);\r\n    }\r\n    100% {\r\n      box-shadow: 0 0 0 0 rgba(0, 123, 255, 0);\r\n    }\r\n  }\r\n\r\n  \/* Style for the floating action button (FAB) *\/\r\n  .video-fab {\r\n    position: fixed;\r\n    bottom: 25px;\r\n    right: 25px;\r\n    width: auto; \/* Auto width to fit content *\/\r\n    height: 60px;\r\n    padding: 0 20px;\r\n    background-color: #007bff;\r\n    border-radius: 30px; \/* Pill shape *\/\r\n    display: flex;\r\n    align-items: center;\r\n    justify-content: center;\r\n    cursor: pointer;\r\n    box-shadow: 0 4px 12px rgba(0, 0, 0, 0.2);\r\n    z-index: 999;\r\n    transition: transform 0.2s ease-in-out;\r\n    animation: pulse 2s infinite;\r\n  }\r\n\r\n  .video-fab:hover {\r\n    transform: scale(1.05);\r\n    animation: none; \/* Pause animation on hover *\/\r\n  }\r\n\r\n  \/* SVG icon style *\/\r\n  .video-fab svg {\r\n    width: 24px;\r\n    height: 24px;\r\n    fill: white;\r\n    margin-right: 10px; \/* Space between icon and text *\/\r\n  }\r\n  \r\n  \/* CTA Text Style *\/\r\n  .video-fab-text {\r\n    color: white;\r\n    font-size: 16px;\r\n    font-weight: bold;\r\n    font-family: sans-serif;\r\n  }\r\n\r\n  \/* Style for the modal\/lightbox overlay *\/\r\n  .video-lightbox {\r\n    display: none; \/* Hidden by default *\/\r\n    position: fixed;\r\n    z-index: 10000;\r\n    left: 0;\r\n    top: 0;\r\n    width: 100%;\r\n    height: 100%;\r\n    overflow: auto;\r\n    background-color: rgba(0, 0, 0, 0.8);\r\n    opacity: 0;\r\n    transition: opacity 0.3s ease;\r\n  }\r\n\r\n  .video-lightbox.visible {\r\n    display: flex;\r\n    align-items: center;\r\n    justify-content: center;\r\n  }\r\n  \r\n  .video-lightbox.fade-in {\r\n    opacity: 1;\r\n  }\r\n\r\n  \/* Style for the modal content and video wrapper *\/\r\n  .video-lightbox-content {\r\n    position: relative;\r\n    width: 90%;\r\n    max-width: 800px;\r\n    margin: auto;\r\n    transform: scale(0.8);\r\n    transition: transform 0.3s ease;\r\n  }\r\n  \r\n  .video-lightbox.fade-in .video-lightbox-content {\r\n      transform: scale(1);\r\n  }\r\n\r\n  \/* Responsive aspect ratio for the video *\/\r\n  .video-aspect-ratio {\r\n    position: relative;\r\n    padding-bottom: 56.25%; \/* 16:9 aspect ratio *\/\r\n    height: 0;\r\n    background: #000;\r\n    border-radius: 8px;\r\n    overflow: hidden;\r\n  }\r\n\r\n  .video-aspect-ratio iframe {\r\n    position: absolute;\r\n    top: 0;\r\n    left: 0;\r\n    width: 100%;\r\n    height: 100%;\r\n    border: 0;\r\n  }\r\n\r\n  \/* Style for the close button *\/\r\n  .video-close-button {\r\n    position: absolute;\r\n    top: -40px;\r\n    right: 0px;\r\n    color: #fff;\r\n    font-size: 40px;\r\n    font-weight: bold;\r\n    cursor: pointer;\r\n    font-family: sans-serif;\r\n  }\r\n\r\n  .video-close-button:hover {\r\n    color: #ccc;\r\n  }\r\n<\/style>\r\n\r\n<!-- 1. The Floating Button -->\r\n<div class=\"video-fab\" id=\"openVideoBtn\" title=\"Watch Tutorial\">\r\n  <svg viewBox=\"0 0 24 24\">\r\n    <path d=\"M17,10.5V7A1,1 0 0,0 16,6H4A1,1 0 0,0 3,7V17A1,1 0 0,0 4,18H16A1,1 0 0,0 17,17V13.5L21,17.5V6.5L17,10.5Z\" \/>\r\n  <\/svg>\r\n  <span class=\"video-fab-text\">Watch Tutorial<\/span>\r\n<\/div>\r\n\r\n<!-- 2. The Lightbox \/ Modal Structure -->\r\n<div class=\"video-lightbox\" id=\"videoLightbox\">\r\n  <span class=\"video-close-button\" id=\"closeVideoBtn\">&times;<\/span>\r\n  <div class=\"video-lightbox-content\">\r\n    <div class=\"video-aspect-ratio\">\r\n      <!-- The iframe will be inserted here by JavaScript -->\r\n      <iframe id=\"youtubeVideo\" src=\"\" allow=\"accelerometer; autoplay; clipboard-write; encrypted-media; gyroscope; picture-in-picture\" allowfullscreen><\/iframe>\r\n    <\/div>\r\n  <\/div>\r\n<\/div>\r\n\r\n<script>\r\n  \/\/ Get the necessary elements from the DOM\r\n  const openBtn = document.getElementById('openVideoBtn');\r\n  const closeBtn = document.getElementById('closeVideoBtn');\r\n  const lightbox = document.getElementById('videoLightbox');\r\n  const videoFrame = document.getElementById('youtubeVideo');\r\n\r\n  \/\/ The YouTube embed URL\r\n  const videoUrl = \"https:\/\/www.youtube.com\/embed\/_2M2tDKwJPo?autoplay=1&rel=0\";\r\n\r\n  \/\/ Function to open the lightbox\r\n  function openLightbox() {\r\n    videoFrame.src = videoUrl; \/\/ Set the video URL to start playing\r\n    lightbox.classList.add('visible');\r\n    setTimeout(() => {\r\n        lightbox.classList.add('fade-in');\r\n    }, 10); \/\/ Short delay to allow CSS transition\r\n  }\r\n\r\n  \/\/ Function to close the lightbox\r\n  function closeLightbox() {\r\n    lightbox.classList.remove('fade-in');\r\n    setTimeout(() => {\r\n        lightbox.classList.remove('visible');\r\n        videoFrame.src = \"\"; \/\/ Stop the video from playing in the background\r\n    }, 300); \/\/ Match the CSS transition duration\r\n  }\r\n\r\n  \/\/ Event Listeners\r\n  openBtn.addEventListener('click', openLightbox);\r\n  closeBtn.addEventListener('click', closeLightbox);\r\n\r\n  \/\/ Also close the lightbox if the user clicks on the dark background\r\n  lightbox.addEventListener('click', function(event) {\r\n    if (event.target === lightbox) {\r\n      closeLightbox();\r\n    }\r\n  });\r\n<\/script>\r\n"},"elements":[],"isInner":false,"widgetType":"html","elType":"widget"}],"isInner":false,"elType":"container"}],"page_settings":{"background_color":"#ffffff"},"version":"0.4","title":"dashboard","type":"page"}