{"content":[{"id":"62ca83c5","settings":[],"elements":[{"id":"24245d0b","settings":{"html":"<!DOCTYPE html>\r\n<html lang=\"en\">\r\n<head>\r\n    <meta charset=\"UTF-8\">\r\n    <meta name=\"viewport\" content=\"width=device-width, initial-scale=1.0\">\r\n    <title>Modern AI Content Toolkit<\/title>\r\n    <script src=\"https:\/\/cdn.tailwindcss.com\"><\/script>\r\n    <link rel=\"preconnect\" href=\"https:\/\/fonts.googleapis.com\">\r\n    <link rel=\"preconnect\" href=\"https:\/\/fonts.gstatic.com\" crossorigin>\r\n    <link href=\"https:\/\/fonts.googleapis.com\/css2?family=Inter:wght@400;500;600;700;800;900&display=swap\" rel=\"stylesheet\">\r\n    <style>\r\n        body {\r\n            font-family: 'Inter', sans-serif;\r\n            scroll-behavior: smooth;\r\n            -webkit-font-smoothing: antialiased;\r\n            -moz-osx-font-smoothing: grayscale;\r\n        }\r\n\r\n        \/* Enhanced, animated Aurora Background *\/\r\n        @keyframes aurora-animation {\r\n            0% { transform: translate(-50%, -50%) rotate(0deg) scale(1.2); }\r\n            50% { transform: translate(-50%, -50%) rotate(180deg) scale(1.5); }\r\n            100% { transform: translate(-50%, -50%) rotate(360deg) scale(1.2); }\r\n        }\r\n        .aurora-background {\r\n            background-color: #f8fafc; \/* A very light slate color *\/\r\n            position: relative;\r\n            overflow: hidden;\r\n        }\r\n        .aurora-background::before {\r\n            content: '';\r\n            position: absolute;\r\n            top: 50%;\r\n            left: 50%;\r\n            width: 140vw;\r\n            height: 140vw;\r\n            max-width: 1200px;\r\n            max-height: 1200px;\r\n            border-radius: 50%;\r\n            background-image: linear-gradient(135deg, hsl(220, 100%, 80%), hsl(260, 100%, 85%));\r\n            filter: blur(100px);\r\n            opacity: 0.2;\r\n            z-index: 0;\r\n            animation: aurora-animation 25s infinite linear;\r\n        }\r\n\r\n        \/* Staggered fade-in animations *\/\r\n        @keyframes fadeInUp {\r\n            from { opacity: 0; transform: translateY(20px); }\r\n            to { opacity: 1; transform: translateY(0); }\r\n        }\r\n        .animate-fadeInUp {\r\n            animation: fadeInUp 0.8s ease-out forwards;\r\n            opacity: 0;\r\n        }\r\n\r\n        \/* Responsive Iframe for Video *\/\r\n        .responsive-iframe-container {\r\n            position: relative;\r\n            overflow: hidden;\r\n            padding-top: 56.25%; \/* 16:9 Aspect Ratio *\/\r\n        }\r\n        .responsive-iframe-container iframe {\r\n            position: absolute;\r\n            top: 0;\r\n            left: 0;\r\n            width: 100%;\r\n            height: 100%;\r\n            border: 0;\r\n        }\r\n    <\/style>\r\n<\/head>\r\n<body class=\"bg-white text-slate-700\">\r\n\r\n    <section class=\"aurora-background relative py-24 sm:py-32 lg:py-40\">\r\n        <div class=\"container mx-auto px-6 lg:px-8 text-center relative z-10\">\r\n            <div class=\"max-w-5xl mx-auto\">\r\n                <h1 class=\"text-5xl sm:text-6xl lg:text-7xl font-extrabold text-slate-900 tracking-tight mb-6 animate-fadeInUp\" style=\"animation-delay: 0.1s;\">\r\n                    Stop Guessing. <br class=\"hidden md:block\">\r\n                    <span class=\"bg-clip-text text-transparent bg-gradient-to-r from-indigo-500 to-cyan-400\">\r\n                        Start Creating Quality AI Content.\r\n                    <\/span>\r\n                <\/h1>\r\n                <p class=\"text-lg sm:text-xl text-slate-600 max-w-3xl mx-auto mb-10 leading-relaxed animate-fadeInUp\" style=\"animation-delay: 0.2s;\">\r\n                    Unlock your AI's potential with our free toolkit. Get the Prompt Dashboard, Chrome Extension, and exclusive e-book to transform average text into exceptional content.\r\n                <\/p>\r\n                <div class=\"flex flex-col sm:flex-row items-center justify-center gap-4 animate-fadeInUp\" style=\"animation-delay: 0.3s;\">\r\n                    <a href=\"#form\" class=\"inline-flex items-center justify-center gap-2 w-full sm:w-auto bg-blue-600 text-white font-semibold py-3 px-6 rounded-lg text-lg hover:bg-blue-500 transition-all transform hover:scale-105 shadow-xl shadow-blue-500\/20\">\r\n                        <svg xmlns=\"http:\/\/www.w3.org\/2000\/svg\" class=\"h-5 w-5\" viewBox=\"0 0 20 20\" fill=\"currentColor\"><path d=\"M10.894 2.553a1 1 0 00-1.788 0l-7 14a1 1 0 001.169 1.409l5-1.428a1 1 0 00.475 0l5 1.428a1 1 0 001.17-1.409l-7-14z\" \/><\/svg>\r\n                        Get Your Free Toolkit\r\n                    <\/a>\r\n                    <a href=\"#form\" class=\"group inline-flex items-center justify-center w-full sm:w-auto text-slate-600 font-semibold py-3 px-6 rounded-lg text-lg hover:bg-slate-200\/60 transition-colors\">\r\n                        Watch a demo\r\n                        <span class=\"ml-2 transition-transform duration-200 group-hover:translate-x-1\">&rarr;<\/span>\r\n                    <\/a>\r\n                <\/div>\r\n                <p class=\"text-slate-500 mt-4 text-sm animate-fadeInUp\" style=\"animation-delay: 0.4s;\">100% Free. No credit card required.<\/p>\r\n            <\/div>\r\n\r\n            <div class=\"relative max-w-5xl mx-auto mt-20 lg:mt-24 animate-fadeInUp\" style=\"animation-delay: 0.5s;\">\r\n                <div class=\"absolute -top-8 -right-8 w-40 h-40 bg-blue-200 rounded-full blur-3xl opacity-40\"><\/div>\r\n                <div class=\"absolute -bottom-8 -left-8 w-40 h-40 bg-cyan-200 rounded-full blur-3xl opacity-40\"><\/div>\r\n                \r\n                    \r\n    <\/section>\r\n    \r\n    <section class=\"py-24 sm:py-32 bg-white\">\r\n        <div class=\"container mx-auto px-6 lg:px-8\">\r\n            <div class=\"text-center max-w-3xl mx-auto mb-16\">\r\n                <h2 class=\"text-3xl md:text-4xl font-bold text-slate-900 tracking-tight mb-4\">Your All-in-One AI Content Toolkit<\/h2>\r\n                <p class=\"text-lg text-slate-600 leading-relaxed\">Everything you need to organize, manage, and deploy powerful prompts for superior content creation.<\/p>\r\n            <\/div>\r\n            <div class=\"grid md:grid-cols-2 lg:grid-cols-3 gap-8 max-w-7xl mx-auto\">\r\n                <div class=\"bg-white p-8 rounded-2xl border border-slate-200\/80 hover:border-blue-300 hover:-translate-y-1 hover:shadow-xl transition-all duration-300 ease-in-out\">\r\n                    <img src=\"http:\/\/intellectualead.com\/wp-content\/uploads\/2025\/05\/IL-Prompt-library.png\" alt=\"Prompt Dashboard\" class=\"rounded-lg shadow-md mb-5\">\r\n                    <h3 class=\"text-xl font-semibold text-slate-800 mb-2\">Prompt Dashboard<\/h3>\r\n                    <p class=\"text-slate-600\">A centralized hub to manage your prompts. Categorize, search, and access your best prompts instantly.<\/p>\r\n                <\/div>\r\n\r\n                <div class=\"bg-white p-8 rounded-2xl border border-slate-200\/80 hover:border-blue-300 hover:-translate-y-1 hover:shadow-xl transition-all duration-300 ease-in-out\">\r\n                    <div class=\"responsive-iframe-container mb-5 rounded-lg overflow-hidden shadow-md\">\r\n                        <iframe src=\"https:\/\/www.youtube.com\/embed\/em9dQ2onkAQ\" title=\"YouTube video player\" allowfullscreen><\/iframe>\r\n                    <\/div>\r\n                    <h3 class=\"text-xl font-semibold text-slate-800 mb-2\">Chrome Extension<\/h3>\r\n                    <p class=\"text-slate-600\">Bring your prompts directly into ChatGPT. Save new prompts from anywhere on the web with a single click.<\/p>\r\n                <\/div>\r\n\r\n                <div class=\"bg-white p-8 rounded-2xl border border-slate-200\/80 hover:border-blue-300 hover:-translate-y-1 hover:shadow-xl transition-all duration-300 ease-in-out\">\r\n                     <img src=\"http:\/\/intellectualead.com\/wp-content\/uploads\/2025\/05\/2-1-370x500-1-1-1-1.png\" alt=\"E-book Guide\" class=\"rounded-lg shadow-md mb-5 mx-auto w-1\/2\">\r\n                    <h3 class=\"text-xl font-semibold text-slate-800 mb-2\">Free E-book Guide<\/h3>\r\n                    <p class=\"text-slate-600\">Learn 5 crucial steps to elevate your content. A practical guide to create AI content that truly engages.<\/p>\r\n                <\/div>\r\n            <\/div>\r\n        <\/div>\r\n    <\/section>\r\n\r\n    <section class=\"py-24 sm:py-32 bg-slate-50\">\r\n        <div class=\"container mx-auto px-6 lg:px-8\">\r\n            <div class=\"grid lg:grid-cols-2 gap-12 lg:gap-20 items-center max-w-7xl mx-auto\">\r\n                <div class=\"text-center lg:text-left order-last lg:order-first\">\r\n                    <h2 class=\"text-3xl md:text-4xl font-bold text-slate-900 tracking-tight mb-6\">Frustrated by Generic AI Content?<\/h2>\r\n                    <p class=\"text-lg text-slate-600 mb-8 leading-relaxed\">Quantity is nothing without quality. Stop churning out robotic, uninspired text. Our free e-book reveals the human-in-the-loop approach to AI content creation.<\/p>\r\n                    <ul class=\"space-y-4 text-left\">\r\n                        <li class=\"flex items-start\"><svg class=\"h-6 w-6 text-green-500 mr-3 flex-shrink-0\" fill=\"none\" viewBox=\"0 0 24 24\" stroke=\"currentColor\"><path stroke-linecap=\"round\" stroke-linejoin=\"round\" stroke-width=\"2\" d=\"M9 12l2 2 4-4m6 2a9 9 0 11-18 0 9 9 0 0118 0z\" \/><\/svg><span>Master a 5-step framework for quality-focused AI writing.<\/span><\/li>\r\n                        <li class=\"flex items-start\"><svg class=\"h-6 w-6 text-green-500 mr-3 flex-shrink-0\" fill=\"none\" viewBox=\"0 0 24 24\" stroke=\"currentColor\"><path stroke-linecap=\"round\" stroke-linejoin=\"round\" stroke-width=\"2\" d=\"M9 12l2 2 4-4m6 2a9 9 0 11-18 0 9 9 0 0118 0z\" \/><\/svg><span>Discover how to keep the human writer in control.<\/span><\/li>\r\n                        <li class=\"flex items-start\"><svg class=\"h-6 w-6 text-green-500 mr-3 flex-shrink-0\" fill=\"none\" viewBox=\"0 0 24 24\" stroke=\"currentColor\"><path stroke-linecap=\"round\" stroke-linejoin=\"round\" stroke-width=\"2\" d=\"M9 12l2 2 4-4m6 2a9 9 0 11-18 0 9 9 0 0118 0z\" \/><\/svg><span>Boost productivity without sacrificing engagement.<\/span><\/li>\r\n                    <\/ul>\r\n                <\/div>\r\n                <div class=\"mx-auto lg:mx-0\">\r\n                    <img src=\"http:\/\/intellectualead.com\/wp-content\/uploads\/2025\/05\/2-1-370x500-1-1-1-1.png\" alt=\"E-book cover\" class=\"rounded-lg shadow-2xl w-64 transition-transform duration-300 hover:scale-105\" onerror=\"this.onerror=null;this.src='https:\/\/placehold.co\/400x500\/E2E8F0\/1E293B?text=E-book';\">\r\n                <\/div>\r\n            <\/div>\r\n        <\/div>\r\n    <\/section>\r\n    \r\n<\/body>\r\n<\/html>"},"elements":[],"isInner":false,"widgetType":"html","elType":"widget"}],"isInner":false,"elType":"container"},{"id":"76aae416","settings":{"padding":{"unit":"px","top":"96","right":"24","bottom":"96","left":"24","isLinked":false},"padding_tablet":{"unit":"px","top":"128","right":"32","bottom":"128","left":"32","isLinked":false},"padding_mobile":{"unit":"px","top":"96","right":"24","bottom":"96","left":"24","isLinked":false}},"elements":[{"id":"72610c4c","settings":{"_column_size":100},"elements":[{"id":"71c06d1e","settings":{"anchor":"form"},"elements":[],"isInner":false,"widgetType":"menu-anchor","elType":"widget"},{"id":"3053a16b","settings":{"content_width":{"unit":"px","size":768},"background_background":"gradient","background_color":"#FFFFFF","background_color_b":"#F8FAFC","background_gradient_angle":{"unit":"deg","size":135},"border_border":"solid","border_width":{"unit":"px","top":"1","right":"1","bottom":"1","left":"1","isLinked":true},"border_color":"rgba(226, 232, 240, 0.8)","border_radius":{"unit":"px","top":"16","right":"16","bottom":"16","left":"16","isLinked":true},"box_shadow_box_shadow_type":"yes","box_shadow_box_shadow":{"horizontal":0,"vertical":10,"blur":20,"spread":0,"color":"rgba(15, 23, 42, 0.1)"},"padding":{"unit":"px","top":"48","right":"48","bottom":"48","left":"48","isLinked":true},"padding_mobile":{"unit":"px","top":"32","right":"32","bottom":"32","left":"32","isLinked":true}},"elements":[{"id":"6069cde4","settings":{"_column_size":100},"elements":[{"id":"4e1c76cb","settings":{"title":"Get Your Free Toolkit Now!","align":"center","title_color":"#0F172A","typography_typography":"custom","typography_font_family":"Inter","typography_font_size":{"unit":"px","size":36},"typography_font_weight":"bold","typography_letter_spacing":{"unit":"px","size":-1},"margin":{"unit":"px","top":"0","right":"0","bottom":"12","left":"0","isLinked":false}},"elements":[],"isInner":false,"widgetType":"heading","elType":"widget"},{"id":"12b30f36","settings":{"editor":"<p>Subscribe to get the e-book, dashboard access, and the Chrome extension instantly.<\/p>","align":"center","text_color":"#475569","typography_typography":"custom","typography_font_family":"Inter","typography_font_size":{"unit":"px","size":16},"margin":{"unit":"px","top":"0","right":"0","bottom":"32","left":"0","isLinked":false}},"elements":[],"isInner":false,"widgetType":"text-editor","elType":"widget"},{"id":"5467574d","settings":{"wp":{"title":"","align":"center","login-buttons":"1","link-buttons":"0","unlink-buttons":"0"}},"elements":[],"isInner":false,"widgetType":"wp-widget-nextend_social_login","elType":"widget"},{"id":"2e1d9bc0","settings":{"color":"#CBD5E1","width":{"unit":"%","size":100},"align":"center","view":"line_text","text":"OR","text_color":"#94A3B8","text_typography_typography":"custom","text_typography_font_family":"Inter","text_typography_font_size":{"unit":"px","size":14},"text_typography_font_weight":"500","gap":{"unit":"px","size":24}},"elements":[],"isInner":false,"widgetType":"divider","elType":"widget"},{"id":"33c31fc4","settings":{"shortcode":"[ultimatemember form_id=\"101240\"]"},"elements":[],"isInner":false,"widgetType":"shortcode","elType":"widget"},{"id":"273f1da9","settings":{"editor":"<p>We guard your privacy. No spam, ever. By registering, you agree to our <a href=\"#\" >Privacy Policy<\/a> & <a href=\"#\">Terms<\/a>.<\/p>","align":"center","text_color":"#64748B","typography_typography":"custom","typography_font_family":"Inter","typography_font_size":{"unit":"px","size":12},"margin":{"unit":"px","top":"32","right":"0","bottom":"0","left":"0","isLinked":false},"link_color":"#2563EB","link_hover_color":"#1D4ED8"},"elements":[],"isInner":false,"widgetType":"text-editor","elType":"widget"}],"isInner":false,"elType":"column"}],"isInner":false,"elType":"section"}],"isInner":false,"elType":"column"}],"isInner":false,"elType":"section"},{"id":"f70127e","settings":{"content_width":{"unit":"px","size":768},"background_color":"#F8FAFC","padding":{"unit":"px","top":"96","right":"24","bottom":"96","left":"24","isLinked":false},"padding_tablet":{"unit":"px","top":"128","right":"32","bottom":"128","left":"32","isLinked":false},"padding_mobile":{"unit":"px","top":"96","right":"24","bottom":"96","left":"24","isLinked":false}},"elements":[{"id":"3d4466bd","settings":{"_column_size":100},"elements":[{"id":"fde5d13","settings":{"title":"Frequently Asked Questions","align":"center","title_color":"#0F172A","typography_typography":"custom","typography_font_family":"Inter","typography_font_size":{"unit":"px","size":40},"typography_font_weight":"bold","typography_letter_spacing":{"unit":"px","size":-1},"margin":{"unit":"px","top":"0","right":"0","bottom":"64","left":"0","isLinked":false}},"elements":[],"isInner":false,"widgetType":"heading","elType":"widget"},{"id":"3b0929d5","settings":{"tabs":[{"_id":"faq1","tab_title":"Is this really free?","tab_content":"<p>Yes! The IL Prompt Dashboard, Chrome Extension, and the e-book are all completely free. We offer a Premium plan with advanced features, but the core tools to supercharge your content are free to use.<\/p>"},{"_id":"faq2","tab_title":"How do I get the extension and dashboard?","tab_content":"<p>Once you subscribe using the form above, you'll receive an email with links to download the Chrome extension from the Chrome Web Store and instructions on how to access your personal dashboard on our website.<\/p>"},{"_id":"faq3","tab_title":"What's in the Premium plan?","tab_content":"<p>Our Premium plan offers unlimited prompts, access to a curated library of expert-level prompts, AI-powered prompt enhancement suggestions, and priority support. You can upgrade anytime from your dashboard.<\/p>"}],"icon":"fas fa-chevron-down","icon_active":"fas fa-chevron-up","border_width":{"unit":"px","top":"1","right":"1","bottom":"1","left":"1","isLinked":true},"border_color":"rgba(226, 232, 240, 0.8)","border_radius":{"unit":"px","top":"12","right":"12","bottom":"12","left":"12","isLinked":true},"background_color":"#FFFFFF","tab_hover_border_color":"#93C5FD","tab_active_color":"#1E293B","title_color":"#1E293B","title_typography_typography":"custom","title_typography_font_family":"Inter","title_typography_font_size":{"unit":"px","size":18},"title_typography_font_weight":"600","title_padding":{"unit":"px","top":"24","right":"24","bottom":"24","left":"24","isLinked":true},"content_color":"#475569","content_typography_typography":"custom","content_typography_font_family":"Inter","content_typography_line_height":{"unit":"em","size":1.6},"content_padding":{"unit":"px","top":"0","right":"24","bottom":"24","left":"24","isLinked":false},"icon_color":"#94A3B8","icon_align":"right","vspace":{"unit":"px","size":16}},"elements":[],"isInner":false,"widgetType":"accordion","elType":"widget"}],"isInner":false,"elType":"column"}],"isInner":false,"elType":"section"}],"page_settings":{"background_background":"classic","background_color":"#f8fafc"},"version":"0.4","title":"register","type":"page"}